ID	Name	Email	Registered
B6CFE4F9-B52B-E24E-F250-2E5F74FCDFB8	Hall, Brett H.	massa.Mauris.vestibulum@Crassed.co.uk	01/31/2017
F6FC6C6C-1C45-89FE-F91B-550D2A80B3C1	Ellis, Lacota R.	aliquam.eros.turpis@egetipsum.com	03/01/2016
6A2791D2-84F6-70B3-4C81-4AE216A57A73	Ortiz, Brent U.	Vivamus@dui.ca	07/10/2016
AF242447-4068-0C4B-7D3D-384795693B56	Merrill, Octavia N.	at@auctor.co.uk	08/24/2015
CC43025A-7DA9-723E-9089-2990D1CFC59C	Welch, Jason Y.	lectus.Nullam.suscipit@Ut.ca	05/11/2016
2E0BFFD1-739E-8511-7D75-813796573543	Dickson, Christian F.	rutrum@Donectempus.org	03/30/2015
BC96DFD7-C9FA-10B6-BA5F-AE12EEF7D874	Hodge, Lacy I.	arcu.Vestibulum.ante@scelerisqueloremipsum.ca	01/16/2017
F410718D-65CD-4FF4-8BF8-DFDCC97CBC8C	Hamilton, Zane F.	orci.Phasellus.dapibus@pede.edu	08/12/2015
EAD70530-A670-681B-462F-9B3F7B414E2E	Sharp, Xyla W.	diam.at.pretium@aliquamenim.edu	05/26/2016
76D9E4CF-E509-B912-1DBD-7ACCE6BB93F9	Reid, Quentin T.	In@penatibusetmagnis.edu	10/01/2016
AB1EC937-CB41-A343-8AAD-1C54C545885E	Kramer, Roanna Y.	pede.Suspendisse@semper.ca	01/06/2017
CC2F82E2-5E0B-6E70-1A03-3F5EF4A6BA57	Gilbert, Jemima R.	cursus.diam.at@orcilobortisaugue.edu	10/05/2016
A5A18F80-4811-2EBA-69CF-19D1FA4A8A70	Montgomery, Garrett F.	ut.pellentesque.eget@nequeMorbi.ca	10/07/2015
B5E01F96-5DB3-7A09-EEEB-27D1CF461B63	Kaufman, Richard H.	tempus.scelerisque.lorem@semper.ca	06/13/2015
D095E48C-681A-6D8D-E5BD-EB7B34D39D90	Anderson, Leilani S.	amet.dapibus@sollicitudincommodo.org	12/27/2015
BB6F06C1-2131-9B96-C465-753E89AC123F	Adkins, Clark N.	congue@penatibus.ca	03/21/2015
06E4AE8F-733A-57F7-91FF-E2603E03F513	Wynn, Roary Y.	tortor.dictum@semperetlacinia.net	04/09/2015
6DED9A5D-4758-7051-C1A9-6FB4826E352F	Solis, Michelle O.	sollicitudin.adipiscing.ligula@eleifendvitaeerat.net	06/01/2015
0C6D73F3-BE6D-0A8E-C6F7-7B04EA40FD89	Chaney, Hannah D.	morbi.tristique@Intincidunt.net	05/03/2015
1754615E-06ED-7F6F-B223-B1172AC63002	Mckinney, Lila V.	parturient.montes.nascetur@tortornibhsit.co.uk	07/16/2015
A88D523C-2E60-E9DC-8F47-ECF293C1412D	Martinez, Dane M.	cursus.et.eros@diam.co.uk	03/20/2015
A13EE3C9-0E45-1FA9-D6D4-7B0330139FB8	Fitzpatrick, Brennan A.	Quisque.nonummy@Phasellus.edu	01/09/2016
303E6DEC-3F59-4162-562A-9E58A6E08E03	Bryant, Yetta P.	odio@nonsollicitudina.org	05/26/2016
08FA67EE-42AC-9FB8-D962-C1D67D84E9C3	Cortez, Janna P.	mauris.Morbi.non@Donec.co.uk	09/01/2015
3DA4DB2D-E3BC-944E-D8B8-1D0B155D472E	Woods, Doris X.	Mauris.blandit.enim@liberoat.org	02/22/2016
F7201ABF-3555-6BA8-824C-5FD6CC337B3F	Mcdowell, Nevada Z.	non.luctus.sit@Sedneque.ca	11/28/2015
4025B520-BCB2-B499-6004-0A551C7A0851	Klein, Austin B.	nulla.vulputate@auguescelerisque.co.uk	02/16/2016
EB20F5CF-C4A0-B6FD-B32C-91420D4243E2	Adkins, Malik L.	Donec.est@aliquetliberoInteger.co.uk	05/18/2016
DEFFED07-F8CF-77CC-1C39-F13F38B2377E	Wiggins, Daniel A.	orci.Phasellus.dapibus@ligula.com	04/21/2015
C3555458-4E5E-62B5-2DBF-F19637971867	Avila, Xyla C.	erat@ullamcorpervelit.org	03/28/2016
CE6854A3-A120-60E1-EFC5-B2E5F54A2CA1	Tillman, Libby U.	metus.Vivamus@Proinnisl.co.uk	12/01/2016
4F728216-8096-8146-A42D-95F754E0B221	Shepard, Teegan V.	malesuada.id.erat@dui.com	08/30/2016
17D1C28C-5D6E-65A7-D73A-4F7D29D465EE	Snyder, Yvette L.	quam.a.felis@quisaccumsan.co.uk	06/19/2016
0911B726-D869-4985-8744-23C0E80735C3	Santana, Orlando I.	neque.et.nunc@id.com	06/19/2016
66B2145C-F173-465C-4F13-74A955A0A1BB	Eaton, Cyrus Y.	non.cursus.non@nisl.net	04/22/2015
26099B3F-7244-093E-37B0-B5377130F5B6	Terrell, Yolanda H.	quam.Curabitur@quam.org	11/26/2016
76151E81-FCB0-7455-3A30-DD1DA45CECFC	Christensen, Sage Y.	tristique.ac@semsempererat.org	03/12/2017
4DF0862D-73E4-2C01-394D-1071A30C2B27	Rasmussen, Levi L.	eu@vel.edu	04/02/2016
A85A35D6-1312-9969-D58B-33D03804B54E	Mccarthy, Sasha N.	et.lacinia@nonvestibulum.com	10/07/2016
0CA0EED6-B5D5-3912-6E74-428E6903C092	Garrison, Jada N.	Donec.nibh.Quisque@ullamcorper.ca	10/30/2016
20A9785D-D59D-9ECF-E882-430033439254	Wooten, Shelley E.	a.neque@massaIntegervitae.org	05/28/2015
B856732C-BBA3-8E45-E277-A0EB1E734BF4	Hood, Vaughan K.	erat.eget.ipsum@posuere.co.uk	11/05/2016
DB52E430-9833-A929-E79E-1510CA92CE47	Hurst, Aimee X.	arcu.Vestibulum@libero.edu	05/29/2016
60649413-7BD2-1E2C-71F8-CDA1F2539830	Burris, Flynn R.	convallis@anteVivamus.com	07/01/2016
0F7A0BD5-D29A-7051-4059-DA4A1671E11A	Medina, Slade Q.	iaculis.enim.sit@Nullasempertellus.net	01/05/2016
47A2BE5B-005C-B127-3707-A80DD457826C	Larson, Yetta F.	nonummy.ultricies@Donecegestas.co.uk	05/18/2016
8FCA82EB-C281-7FC2-4D16-F751E2FA3114	Cote, Beck D.	magna@Nunc.co.uk	04/13/2015
7D5A71C9-6ADF-22C1-3FD8-CC25D2EBF486	Pratt, Virginia I.	Nam.ac@metusAliquam.co.uk	07/15/2015
D6A7D050-7ADB-5640-1902-74A24BE5A24F	Mccullough, Gisela B.	et@mauris.ca	07/15/2016
2F52506D-32F2-2379-7DB5-CAA2EFE2E46A	Paul, Myra P.	a@ultricesVivamus.edu	12/20/2015
4331364F-DA9D-A5B2-610D-C9D4646FE800	Fleming, May B.	Aenean@idlibero.net	02/17/2017
7E311F76-9F84-62DE-A95F-722C3D10E1A0	Munoz, Jaden S.	Quisque.ac.libero@tellusnonmagna.edu	05/12/2016
503CC11D-83A7-059D-4C9E-ACBB37DF0BE7	French, Dominique D.	est@SedmolestieSed.edu	12/21/2016
884BF5D1-7B37-9DC9-3E74-267FB5B7B54B	Crawford, Kessie K.	quis.pede@luctus.net	01/21/2016
2B269E91-C388-2B4B-B3BD-C58912AF8941	Young, Flynn G.	eu.dui.Cum@enimnectempus.com	10/27/2015
55410F6E-2432-8E0C-F2BF-B51F5D25B434	Hicks, Sigourney B.	vitae.sodales.nisi@turpis.net	06/12/2016
65C0FF4E-5FA1-4687-676D-448D59479B2F	Ochoa, Brielle F.	vel@cursusinhendrerit.ca	03/05/2016
6BFDAD10-373C-4004-96F2-CC2ADA20B93D	Lowe, Nevada X.	Donec@tinciduntnequevitae.com	10/29/2016
D9F7AD79-72AC-37C3-FE46-7816E9A05BC4	Vang, Cheyenne B.	ligula.Aenean@Sedeu.org	03/21/2015
FB4844BB-069F-DFD0-EE15-129B7ECCEAAF	Woodard, Meredith J.	nascetur.ridiculus@eutelluseu.com	06/25/2016
DF5CF289-BB94-70A8-E934-B7CABE0D1AE4	Schultz, Hashim Z.	Nulla.eu.neque@eratnonummy.edu	05/10/2015
91AED16F-0387-DF1E-FFCF-F309765F76B5	Lester, Kerry Q.	Aliquam.ultrices.iaculis@nectempus.edu	10/28/2016
8A6E8E5D-244B-EE5A-29CA-C0C8579A1023	Cunningham, Cairo C.	nisi.Aenean@vulputatenisisem.co.uk	09/21/2016
64155E64-E336-49E6-101A-25A9217649D9	Wiley, Desiree J.	Duis.ac.arcu@tortorIntegeraliquam.com	03/27/2016
180930F3-1188-DF6D-1E87-C0C8F8A85FB3	Mcfadden, Walter J.	tincidunt.nunc@consequatlectussit.co.uk	08/27/2016
3F51B74D-7703-4AC9-99DD-88245A1B067E	Sawyer, Warren D.	Nulla.facilisi@accumsansedfacilisis.net	11/05/2015
13051CBA-C490-D840-BB33-F5B8ADC2CC34	Maldonado, Stuart H.	luctus.et@mollisnec.net	12/26/2015
CC9B4026-6E17-F114-4B4B-4B2D60ACFCFA	Matthews, Lila F.	semper@variusultrices.org	12/03/2015
0AF9A702-28BE-1474-5368-EE0E6A4222F2	Summers, Wilma N.	pede@nuncsit.edu	11/22/2015
9B14B187-E2DD-35DB-4560-CFBB262A1756	Lindsay, Alisa W.	semper.egestas@mus.co.uk	01/02/2017
1EFF91EF-B6ED-0122-A7B0-A9A909C2FB75	Sampson, Darius U.	vel@mauris.co.uk	04/28/2015
C8101724-408D-C980-718D-4C2F064C311D	Nelson, Roary K.	amet@Curabitur.co.uk	03/24/2016
C5C97497-6BAF-6577-F6DD-CD4F4EE42439	Gilbert, Breanna O.	libero.Morbi.accumsan@pede.co.uk	02/21/2016
0EE04770-62B5-3D70-768B-82A51461BC5B	Sears, Jade M.	sit.amet.luctus@laciniaorciconsectetuer.org	09/08/2016
58A4CF98-DF61-51FA-4685-A38EB490AD14	Davenport, Zena N.	est.arcu.ac@aliquameu.org	02/16/2016
2A497750-D65C-1F3C-1CE9-9992A2617C0C	Weber, Patricia V.	iaculis.quis@imperdietullamcorperDuis.ca	08/02/2015
BEC555EF-68D9-F32C-E0C4-8D1C5D079668	Cooper, Alexandra H.	dolor.sit@montes.com	11/14/2015
36CFA542-7B29-EBA6-9BBC-6438F34BC37B	Kane, Judith R.	lectus.ante@Curabitur.co.uk	05/25/2015
A24D928C-9836-8127-EF95-5ECA9F473417	Walton, Kai I.	orci.Donec.nibh@accumsaninterdum.edu	07/16/2016
11C262DF-4048-EC63-B529-86A8F6B18C1B	Riley, Bernard S.	lacus.varius@purusmauris.edu	08/14/2015
95FF6C7E-9689-E07D-C497-F6B96F8914F0	Flowers, Chester B.	nibh@utodio.org	12/06/2015
164905AA-04DA-AAD8-F0E5-F9F59042297A	Ball, Nash Q.	dolor.Fusce.feugiat@diamPellentesquehabitant.com	08/18/2015
526BF2E8-9A20-FFE1-1696-7679EB374DAE	Sexton, Alexis P.	placerat.eget.venenatis@justofaucibuslectus.edu	11/11/2015
511E3616-C68E-F820-EAF6-748EAA5167AA	Monroe, Seth M.	non@duiquisaccumsan.ca	05/08/2016
59F82A6F-4B0C-F19F-7D89-B53A7BE58DAE	Vasquez, Leigh C.	neque.In@feugiatnecdiam.net	03/19/2015
0A12B261-D78D-6018-FC68-89DE06004CFF	Wilkins, Lillian I.	vel.turpis@in.ca	08/02/2015
3E19EA23-EF76-5765-5E9A-383A6DDD8394	Dunn, Dawn U.	felis.purus.ac@facilisisvitae.net	10/06/2016
4E439892-D2D9-98B4-60A6-00EE0EE846CB	Romero, Jackson F.	turpis.vitae.purus@euelitNulla.org	06/30/2015
3BB6968C-59BB-E02F-DC75-82D690C7A1A1	Galloway, Hamish Q.	odio.semper.cursus@famesac.edu	01/10/2017
11CAB2C9-D46D-2E82-77F1-308F7843CE3B	Little, Bernard I.	amet@Sedauctorodio.org	01/13/2016
5BEB02FF-AF57-9A29-3B43-40F6D5AEDF40	Larsen, Adria Y.	ac.orci.Ut@erateget.net	09/13/2015
B911F345-2B54-EF96-7501-3C34A4C0153F	Barnes, Wyatt F.	Quisque.ornare@Nunc.ca	02/25/2016
EB31C437-2796-96B2-E737-10C63D3D0B62	Mckinney, Halee C.	dignissim.tempor.arcu@velitQuisquevarius.com	03/31/2016
9D863CD5-2CEA-27AB-C996-2DE1DBC998F9	Erickson, Kimberley B.	nascetur.ridiculus@dapibusidblandit.co.uk	08/29/2016
368EC137-AB7C-FC99-CA53-80F79BCBD605	Hayes, Joelle O.	vulputate.velit.eu@Loremipsum.net	11/26/2015
389866E8-3E0B-BA5F-0DD2-F79A13DB6078	Bell, Sydney S.	Suspendisse@nec.org	07/22/2015
C1D6D7B8-AC99-B6BD-FCE8-6C507262215B	Fox, Keane Z.	Mauris.nulla@intempus.com	01/11/2016
011B29F3-3759-1047-65C8-0D6C8FAFF530	Goff, Ivor E.	tellus@imperdietnonvestibulum.ca	03/21/2015
916948CF-8EAE-7A49-C304-AFC9C12A5EEE	Langley, Stephen A.	arcu@risusDonec.edu	12/08/2015
85FC17E1-39D9-14A8-AFD7-286F4400CA21	Wilcox, Neve B.	convallis.convallis.dolor@sodalesnisimagna.net	02/06/2016